Model,Accuracy,Within_1_Lane,Exact_Match
Random Forest,90.11492161678643,98.99633099851421,90.11492161678643
LightGBM,84.5613875496528,98.18217653658388,84.5613875496528
